{
  "category": "vowels",
  "title": "Bengali Vowels (স্বরবর্ণ)",
  "description": "The Bengali vowels are called স্বরবর্ণ (sôrôbôrnô) in Bengali.",
  "characters": [
    {
      "id": "vowel_1",
      "character": "অ",
      "romanized": "ô",
      "pronunciation": "o",
      "description": "Short 'o' as in 'hot'",
      "difficulty": 1,
      "strokes": [
        {
          "id": 1,
          "path": "M50,100 C80,60 120,60 150,100",
          "startPoint": {"x": 50, "y": 100},
          "endPoint": {"x": 150, "y": 100},
          "controlPoints": [{"x": 80, "y": 60}, {"x": 120, "y": 60}]
        },
        {
          "id": 2,
          "path": "M100,60 L100,150",
          "startPoint": {"x": 100, "y": 60},
          "endPoint": {"x": 100, "y": 150},
          "controlPoints": []
        }
      ],
      "guidanceDots": [
        {"x": 50, "y": 100, "order": 1},
        {"x": 100, "y": 60, "order": 2},
        {"x": 150, "y": 100, "order": 3},
        {"x": 100, "y": 150, "order": 4}
      ]
    },
    {
      "id": "vowel_2",
      "character": "আ",
      "romanized": "a",
      "pronunciation": "aa",
      "description": "Long 'a' as in 'father'",
      "difficulty": 1,
      "strokes": [
        {
          "id": 1,
          "path": "M50,100 C80,60 120,60 150,100",
          "startPoint": {"x": 50, "y": 100},
          "endPoint": {"x": 150, "y": 100},
          "controlPoints": [{"x": 80, "y": 60}, {"x": 120, "y": 60}]
        },
        {
          "id": 2,
          "path": "M100,60 L100,150",
          "startPoint": {"x": 100, "y": 60},
          "endPoint": {"x": 100, "y": 150},
          "controlPoints": []
        },
        {
          "id": 3,
          "path": "M150,100 C170,120 170,140 150,160",
          "startPoint": {"x": 150, "y": 100},
          "endPoint": {"x": 150, "y": 160},
          "controlPoints": [{"x": 170, "y": 120}, {"x": 170, "y": 140}]
        }
      ],
      "guidanceDots": [
        {"x": 50, "y": 100, "order": 1},
        {"x": 100, "y": 60, "order": 2},
        {"x": 150, "y": 100, "order": 3},
        {"x": 100, "y": 150, "order": 4},
        {"x": 150, "y": 160, "order": 5}
      ]
    },
    {
      "id": "vowel_3",
      "character": "ই",
      "romanized": "i",
      "pronunciation": "i",
      "description": "Short 'i' as in 'bit'",
      "difficulty": 2,
      "strokes": [
        {
          "id": 1,
          "path": "M80,60 L120,60",
          "startPoint": {"x": 80, "y": 60},
          "endPoint": {"x": 120, "y": 60},
          "controlPoints": []
        },
        {
          "id": 2,
          "path": "M100,60 L100,150",
          "startPoint": {"x": 100, "y": 60},
          "endPoint": {"x": 100, "y": 150},
          "controlPoints": []
        },
        {
          "id": 3,
          "path": "M70,90 C80,70 120,70 130,90",
          "startPoint": {"x": 70, "y": 90},
          "endPoint": {"x": 130, "y": 90},
          "controlPoints": [{"x": 80, "y": 70}, {"x": 120, "y": 70}]
        }
      ],
      "guidanceDots": [
        {"x": 80, "y": 60, "order": 1},
        {"x": 120, "y": 60, "order": 2},
        {"x": 100, "y": 60, "order": 3},
        {"x": 100, "y": 150, "order": 4},
        {"x": 70, "y": 90, "order": 5},
        {"x": 130, "y": 90, "order": 6}
      ]
    },
    {
      "id": "vowel_4",
      "character": "ঈ",
      "romanized": "i",
      "pronunciation": "ee",
      "description": "Long 'i' as in 'meet'",
      "difficulty": 2,
      "strokes": [
        {
          "id": 1,
          "path": "M80,60 L120,60",
          "startPoint": {"x": 80, "y": 60},
          "endPoint": {"x": 120, "y": 60},
          "controlPoints": []
        },
        {
          "id": 2,
          "path": "M100,60 L100,150",
          "startPoint": {"x": 100, "y": 60},
          "endPoint": {"x": 100, "y": 150},
          "controlPoints": []
        },
        {
          "id": 3,
          "path": "M70,90 C80,70 120,70 130,90",
          "startPoint": {"x": 70, "y": 90},
          "endPoint": {"x": 130, "y": 90},
          "controlPoints": [{"x": 80, "y": 70}, {"x": 120, "y": 70}]
        },
        {
          "id": 4,
          "path": "M70,110 C80,90 120,90 130,110",
          "startPoint": {"x": 70, "y": 110},
          "endPoint": {"x": 130, "y": 110},
          "controlPoints": [{"x": 80, "y": 90}, {"x": 120, "y": 90}]
        }
      ],
      "guidanceDots": [
        {"x": 80, "y": 60, "order": 1},
        {"x": 120, "y": 60, "order": 2},
        {"x": 100, "y": 60, "order": 3},
        {"x": 100, "y": 150, "order": 4},
        {"x": 70, "y": 90, "order": 5},
        {"x": 130, "y": 90, "order": 6},
        {"x": 70, "y": 110, "order": 7},
        {"x": 130, "y": 110, "order": 8}
      ]
    },
    {
      "id": "vowel_5",
      "character": "উ",
      "romanized": "u",
      "pronunciation": "u",
      "description": "Short 'u' as in 'put'",
      "difficulty": 2,
      "strokes": [
        {
          "id": 1,
          "path": "M80,100 C100,80 120,80 140,100",
          "startPoint": {"x": 80, "y": 100},
          "endPoint": {"x": 140, "y": 100},
          "controlPoints": [{"x": 100, "y": 80}, {"x": 120, "y": 80}]
        },
        {
          "id": 2,
          "path": "M80,100 C100,120 120,120 140,100",
          "startPoint": {"x": 80, "y": 100},
          "endPoint": {"x": 140, "y": 100},
          "controlPoints": [{"x": 100, "y": 120}, {"x": 120, "y": 120}]
        }
      ],
      "guidanceDots": [
        {"x": 80, "y": 100, "order": 1},
        {"x": 110, "y": 80, "order": 2},
        {"x": 140, "y": 100, "order": 3},
        {"x": 110, "y": 120, "order": 4}
      ]
    }
  ]
}

