{
  "category": "consonants",
  "title": "Bengali Consonants (ব্যঞ্জনবর্ণ)",
  "description": "The Bengali consonants are called ব্যঞ্জনবর্ণ (bænjônbôrnô) in Bengali.",
  "characters": [
    {
      "id": "consonant_1",
      "character": "ক",
      "romanized": "k",
      "pronunciation": "ko",
      "description": "Unaspirated 'k' as in 'skill'",
      "difficulty": 1,
      "strokes": [
        {
          "id": 1,
          "path": "M50,60 L150,60",
          "startPoint": {"x": 50, "y": 60},
          "endPoint": {"x": 150, "y": 60},
          "controlPoints": []
        },
        {
          "id": 2,
          "path": "M80,60 L80,150",
          "startPoint": {"x": 80, "y": 60},
          "endPoint": {"x": 80, "y": 150},
          "controlPoints": []
        },
        {
          "id": 3,
          "path": "M80,100 L130,100",
          "startPoint": {"x": 80, "y": 100},
          "endPoint": {"x": 130, "y": 100},
          "controlPoints": []
        },
        {
          "id": 4,
          "path": "M130,60 C150,80 150,120 130,140",
          "startPoint": {"x": 130, "y": 60},
          "endPoint": {"x": 130, "y": 140},
          "controlPoints": [{"x": 150, "y": 80}, {"x": 150, "y": 120}]
        }
      ],
      "guidanceDots": [
        {"x": 50, "y": 60, "order": 1},
        {"x": 150, "y": 60, "order": 2},
        {"x": 80, "y": 60, "order": 3},
        {"x": 80, "y": 150, "order": 4},
        {"x": 80, "y": 100, "order": 5},
        {"x": 130, "y": 100, "order": 6},
        {"x": 130, "y": 60, "order": 7},
        {"x": 130, "y": 140, "order": 8}
      ]
    },
    {
      "id": "consonant_2",
      "character": "খ",
      "romanized": "kh",
      "pronunciation": "kho",
      "description": "Aspirated 'k' as in 'khan'",
      "difficulty": 2,
      "strokes": [
        {
          "id": 1,
          "path": "M50,60 L150,60",
          "startPoint": {"x": 50, "y": 60},
          "endPoint": {"x": 150, "y": 60},
          "controlPoints": []
        },
        {
          "id": 2,
          "path": "M80,60 L80,150",
          "startPoint": {"x": 80, "y": 60},
          "endPoint": {"x": 80, "y": 150},
          "controlPoints": []
        },
        {
          "id": 3,
          "path": "M80,100 L130,100",
          "startPoint": {"x": 80, "y": 100},
          "endPoint": {"x": 130, "y": 100},
          "controlPoints": []
        },
        {
          "id": 4,
          "path": "M130,60 C150,80 150,120 130,140",
          "startPoint": {"x": 130, "y": 60},
          "endPoint": {"x": 130, "y": 140},
          "controlPoints": [{"x": 150, "y": 80}, {"x": 150, "y": 120}]
        },
        {
          "id": 5,
          "path": "M110,80 C120,70 130,70 140,80",
          "startPoint": {"x": 110, "y": 80},
          "endPoint": {"x": 140, "y": 80},
          "controlPoints": [{"x": 120, "y": 70}, {"x": 130, "y": 70}]
        }
      ],
      "guidanceDots": [
        {"x": 50, "y": 60, "order": 1},
        {"x": 150, "y": 60, "order": 2},
        {"x": 80, "y": 60, "order": 3},
        {"x": 80, "y": 150, "order": 4},
        {"x": 80, "y": 100, "order": 5},
        {"x": 130, "y": 100, "order": 6},
        {"x": 130, "y": 60, "order": 7},
        {"x": 130, "y": 140, "order": 8},
        {"x": 110, "y": 80, "order": 9},
        {"x": 140, "y": 80, "order": 10}
      ]
    },
    {
      "id": "consonant_3",
      "character": "গ",
      "romanized": "g",
      "pronunciation": "go",
      "description": "Unaspirated 'g' as in 'go'",
      "difficulty": 2,
      "strokes": [
        {
          "id": 1,
          "path": "M50,60 L150,60",
          "startPoint": {"x": 50, "y": 60},
          "endPoint": {"x": 150, "y": 60},
          "controlPoints": []
        },
        {
          "id": 2,
          "path": "M100,60 C80,80 80,120 100,140 C120,120 120,80 100,60",
          "startPoint": {"x": 100, "y": 60},
          "endPoint": {"x": 100, "y": 60},
          "controlPoints": [{"x": 80, "y": 80}, {"x": 80, "y": 120}, {"x": 100, "y": 140}, {"x": 120, "y": 120}, {"x": 120, "y": 80}]
        }
      ],
      "guidanceDots": [
        {"x": 50, "y": 60, "order": 1},
        {"x": 150, "y": 60, "order": 2},
        {"x": 100, "y": 60, "order": 3},
        {"x": 80, "y": 100, "order": 4},
        {"x": 100, "y": 140, "order": 5},
        {"x": 120, "y": 100, "order": 6}
      ]
    },
    {
      "id": "consonant_4",
      "character": "ঘ",
      "romanized": "gh",
      "pronunciation": "gho",
      "description": "Aspirated 'g' as in 'ghost'",
      "difficulty": 3,
      "strokes": [
        {
          "id": 1,
          "path": "M50,60 L150,60",
          "startPoint": {"x": 50, "y": 60},
          "endPoint": {"x": 150, "y": 60},
          "controlPoints": []
        },
        {
          "id": 2,
          "path": "M100,60 C80,80 80,120 100,140 C120,120 120,80 100,60",
          "startPoint": {"x": 100, "y": 60},
          "endPoint": {"x": 100, "y": 60},
          "controlPoints": [{"x": 80, "y": 80}, {"x": 80, "y": 120}, {"x": 100, "y": 140}, {"x": 120, "y": 120}, {"x": 120, "y": 80}]
        },
        {
          "id": 3,
          "path": "M90,90 C100,80 110,80 120,90",
          "startPoint": {"x": 90, "y": 90},
          "endPoint": {"x": 120, "y": 90},
          "controlPoints": [{"x": 100, "y": 80}, {"x": 110, "y": 80}]
        }
      ],
      "guidanceDots": [
        {"x": 50, "y": 60, "order": 1},
        {"x": 150, "y": 60, "order": 2},
        {"x": 100, "y": 60, "order": 3},
        {"x": 80, "y": 100, "order": 4},
        {"x": 100, "y": 140, "order": 5},
        {"x": 120, "y": 100, "order": 6},
        {"x": 90, "y": 90, "order": 7},
        {"x": 120, "y": 90, "order": 8}
      ]
    },
    {
      "id": "consonant_5",
      "character": "ঙ",
      "romanized": "ng",
      "pronunciation": "ngo",
      "description": "Velar nasal 'ng' as in 'sing'",
      "difficulty": 3,
      "strokes": [
        {
          "id": 1,
          "path": "M50,60 L150,60",
          "startPoint": {"x": 50, "y": 60},
          "endPoint": {"x": 150, "y": 60},
          "controlPoints": []
        },
        {
          "id": 2,
          "path": "M80,60 L80,120 C90,140 110,140 120,120 L120,60",
          "startPoint": {"x": 80, "y": 60},
          "endPoint": {"x": 120, "y": 60},
          "controlPoints": [{"x": 80, "y": 120}, {"x": 90, "y": 140}, {"x": 110, "y": 140}, {"x": 120, "y": 120}]
        },
        {
          "id": 3,
          "path": "M80,90 L120,90",
          "startPoint": {"x": 80, "y": 90},
          "endPoint": {"x": 120, "y": 90},
          "controlPoints": []
        }
      ],
      "guidanceDots": [
        {"x": 50, "y": 60, "order": 1},
        {"x": 150, "y": 60, "order": 2},
        {"x": 80, "y": 60, "order": 3},
        {"x": 80, "y": 120, "order": 4},
        {"x": 100, "y": 140, "order": 5},
        {"x": 120, "y": 120, "order": 6},
        {"x": 120, "y": 60, "order": 7},
        {"x": 80, "y": 90, "order": 8},
        {"x": 120, "y": 90, "order": 9}
      ]
    }
  ]
}

