{
  "category": "numbers",
  "title": "Bengali Numbers (সংখ্যা)",
  "description": "The Bengali numerals are the numeral system used in Bengali language.",
  "characters": [
    {
      "id": "number_0",
      "character": "০",
      "romanized": "0",
      "pronunciation": "shunno",
      "description": "Zero",
      "difficulty": 1,
      "strokes": [
        {
          "id": 1,
          "path": "M100,80 C70,80 70,120 100,120 C130,120 130,80 100,80",
          "startPoint": {"x": 100, "y": 80},
          "endPoint": {"x": 100, "y": 80},
          "controlPoints": [{"x": 70, "y": 80}, {"x": 70, "y": 120}, {"x": 100, "y": 120}, {"x": 130, "y": 120}, {"x": 130, "y": 80}]
        }
      ],
      "guidanceDots": [
        {"x": 100, "y": 80, "order": 1},
        {"x": 70, "y": 100, "order": 2},
        {"x": 100, "y": 120, "order": 3},
        {"x": 130, "y": 100, "order": 4}
      ]
    },
    {
      "id": "number_1",
      "character": "১",
      "romanized": "1",
      "pronunciation": "ek",
      "description": "One",
      "difficulty": 1,
      "strokes": [
        {
          "id": 1,
          "path": "M90,80 L110,60 L110,140",
          "startPoint": {"x": 90, "y": 80},
          "endPoint": {"x": 110, "y": 140},
          "controlPoints": [{"x": 110, "y": 60}]
        }
      ],
      "guidanceDots": [
        {"x": 90, "y": 80, "order": 1},
        {"x": 110, "y": 60, "order": 2},
        {"x": 110, "y": 140, "order": 3}
      ]
    },
    {
      "id": "number_2",
      "character": "২",
      "romanized": "2",
      "pronunciation": "dui",
      "description": "Two",
      "difficulty": 2,
      "strokes": [
        {
          "id": 1,
          "path": "M70,90 C90,70 110,70 130,90 C110,110 90,130 70,150 L130,150",
          "startPoint": {"x": 70, "y": 90},
          "endPoint": {"x": 130, "y": 150},
          "controlPoints": [{"x": 90, "y": 70}, {"x": 110, "y": 70}, {"x": 130, "y": 90}, {"x": 110, "y": 110}, {"x": 90, "y": 130}, {"x": 70, "y": 150}]
        }
      ],
      "guidanceDots": [
        {"x": 70, "y": 90, "order": 1},
        {"x": 100, "y": 70, "order": 2},
        {"x": 130, "y": 90, "order": 3},
        {"x": 100, "y": 120, "order": 4},
        {"x": 70, "y": 150, "order": 5},
        {"x": 130, "y": 150, "order": 6}
      ]
    },
    {
      "id": "number_3",
      "character": "৩",
      "romanized": "3",
      "pronunciation": "tin",
      "description": "Three",
      "difficulty": 2,
      "strokes": [
        {
          "id": 1,
          "path": "M70,80 C90,60 110,60 130,80 C110,100 90,100 70,80",
          "startPoint": {"x": 70, "y": 80},
          "endPoint": {"x": 70, "y": 80},
          "controlPoints": [{"x": 90, "y": 60}, {"x": 110, "y": 60}, {"x": 130, "y": 80}, {"x": 110, "y": 100}, {"x": 90, "y": 100}]
        },
        {
          "id": 2,
          "path": "M130,80 C110,100 110,120 130,140 C110,160 90,160 70,140",
          "startPoint": {"x": 130, "y": 80},
          "endPoint": {"x": 70, "y": 140},
          "controlPoints": [{"x": 110, "y": 100}, {"x": 110, "y": 120}, {"x": 130, "y": 140}, {"x": 110, "y": 160}, {"x": 90, "y": 160}]
        }
      ],
      "guidanceDots": [
        {"x": 70, "y": 80, "order": 1},
        {"x": 100, "y": 60, "order": 2},
        {"x": 130, "y": 80, "order": 3},
        {"x": 100, "y": 100, "order": 4},
        {"x": 130, "y": 140, "order": 5},
        {"x": 100, "y": 160, "order": 6},
        {"x": 70, "y": 140, "order": 7}
      ]
    },
    {
      "id": "number_4",
      "character": "৪",
      "romanized": "4",
      "pronunciation": "char",
      "description": "Four",
      "difficulty": 2,
      "strokes": [
        {
          "id": 1,
          "path": "M120,60 C90,60 70,80 70,110 C70,140 90,160 120,160 C150,160 150,130 120,130",
          "startPoint": {"x": 120, "y": 60},
          "endPoint": {"x": 120, "y": 130},
          "controlPoints": [{"x": 90, "y": 60}, {"x": 70, "y": 80}, {"x": 70, "y": 110}, {"x": 70, "y": 140}, {"x": 90, "y": 160}, {"x": 120, "y": 160}, {"x": 150, "y": 160}, {"x": 150, "y": 130}]
        }
      ],
      "guidanceDots": [
        {"x": 120, "y": 60, "order": 1},
        {"x": 70, "y": 80, "order": 2},
        {"x": 70, "y": 110, "order": 3},
        {"x": 70, "y": 140, "order": 4},
        {"x": 120, "y": 160, "order": 5},
        {"x": 150, "y": 130, "order": 6},
        {"x": 120, "y": 130, "order": 7}
      ]
    },
    {
      "id": "number_5",
      "character": "৫",
      "romanized": "5",
      "pronunciation": "pach",
      "description": "Five",
      "difficulty": 2,
      "strokes": [
        {
          "id": 1,
          "path": "M130,70 C100,70 80,90 80,120 C80,150 100,170 130,170 C160,170 160,140 130,140 L80,140",
          "startPoint": {"x": 130, "y": 70},
          "endPoint": {"x": 80, "y": 140},
          "controlPoints": [{"x": 100, "y": 70}, {"x": 80, "y": 90}, {"x": 80, "y": 120}, {"x": 80, "y": 150}, {"x": 100, "y": 170}, {"x": 130, "y": 170}, {"x": 160, "y": 170}, {"x": 160, "y": 140}, {"x": 130, "y": 140}]
        }
      ],
      "guidanceDots": [
        {"x": 130, "y": 70, "order": 1},
        {"x": 80, "y": 90, "order": 2},
        {"x": 80, "y": 120, "order": 3},
        {"x": 80, "y": 150, "order": 4},
        {"x": 130, "y": 170, "order": 5},
        {"x": 160, "y": 140, "order": 6},
        {"x": 130, "y": 140, "order": 7},
        {"x": 80, "y": 140, "order": 8}
      ]
    }
  ]
}

